compound_id,name,inchikey,smiles,platform,method,pubchem,mz,ri,observed_rt_sec,intensity
LNGSHJPPGDBEPT,"cis-3,4-methyleneheptanoylcarnitine",LNGSHJPPGDBEPT-VYAYZGMFSA-N,O=C(C[C@@]1([H])[C@@](C1)([H])CCC)OC(CC([O-])=O)C[N+](C)(C)C,lc/ms pos late,Method2,,286.2013,845.0,51.37,425223499.15625
pubchem:121454166,3-hydroxydecanoylcarnitine,VCRSQDIROUELAR-UHFFFAOYSA-N,OC(CCCCCCC)CC(OC(CC([O-])=O)C[N+](C)(C)C)=O,lc/ms pos late,Method2,121454166,332.2432,961.0,71.52,15540357.12890625
pubchem:5280353,biliverdin,QBUVFDKTZJNUPP-YBRAVLHJSA-N,CC1=C(/C=C(N2)/C(C=C)=C(C)C2=O)NC(/C=C3C(CCC(O)=O)=C(C)C(/C=C(N4)\C(C)=C(C=C)C4=O)=N\3)=C1CCC(O)=O,lc/ms pos late,Method2,5280353,583.25512,1016.0,69.3,1404679.4375
pubchem:91825571,5-dodecenoylcarnitine (C12:1),PETYOUXDCHQKTQ-QXPKXGMISA-N,CCCCCC/C=C\CCCC(O[C@@H](C[N+](C)(C)C)CC([O-])=O)=O,lc/ms pos late,Method2,91825571,342.26389,1135.0,68.19,35996513.21875
ULCCGBCYWCYNIC,octadecanedioylcarnitine (C18-DC)*,ULCCGBCYWCYNIC-UHFFFAOYSA-N,O=C(CCCCCCCCCCCCCCCCC(O)=O)OC(CC([O-])=O)C[N+](C)(C)C,lc/ms pos late,Method2,,458.34762,1227.0,89.2,35808145.546875
pubchem:136212424,arachidonoylcarnitine (C20:4),RBFQHRALHSUPIA-SNPVRQPZSA-N,CCCCC/C=C\C/C=C\C/C=C\C/C=C\CCCC(OC(C[N+](C)(C)C)CC([O-])=O)=O,lc/ms pos late,Method2,136212424,448.34215,1353.0,120.05,4129377.9375
YVTVVJRJLRHYSJ,"sphingomyelin (d18:1/20:2, d18:2/20:1, d16:1/22:2)*",YVTVVJRJLRHYSJ-COUPUTHFSA-N,CCCCCCCCCCCCC/C=C/[C@@H](O)[C@@H](NC(CCCCCCCCC/C=C/C/C=C/CCCCC)=O)COP([O-])(OCC[N+](C)(C)C)=O,lc/ms pos late,Method2,,755.60615,2039.0,178.13,18834744.5625
pubchem:44260138,myristoyl dihydrosphingomyelin (d18:0/14:0)*,MJAFYELZQYPMQG-MPQUPPDSSA-N,[H][C@](NC(CCCCCCCCCCCCC)=O)(COP(OCC[N+](C)(C)C)([O-])=O)[C@@](O)([H])CCCCCCCCCCCCCCC,lc/ms pos late,Method2,44260138,677.5592,2060.0,127.6,5873211.53125
pubchem:46891763,"sphingomyelin (d18:1/17:0, d17:1/18:0, d19:1/16:0)",YMQZQHIESOAPQH-JXGHDCMNSA-N,O=C(N[C@@]([C@]([H])(O)/C=C/CCCCCCCCCCCCC)([H])COP([O-])(OCC[N+](C)(C)C)=O)CCCCCCCCCCCCCCCC,lc/ms pos late,Method2,46891763,717.5905,2312.0,127.51,783046446.875
pubchem:6436017,1-palmitoyl-2-oleoyl-GPC (16:0/18:1),WTJKGGKOPKCXLL-PFDVCBLKSA-N,O=C(CCCCCCC/C=C\CCCCCCCC)O[C@@H](COC(CCCCCCCCCCCCCCC)=O)COP(OCC[N+](C)(C)C)([O-])=O,lc/ms pos late,Method2,6436017,760.58509,2358.0,130.57,60015180945.5625
pubchem:452110,"1,2-dipalmitoyl-GPC (16:0/16:0)",KILNVBDSWZSGLL-KXQOOQHDSA-N,CCCCCCCCCCCCCCCC(OC[C@]([H])(COP([O-])(OCC[N+](C)(C)C)=O)OC(CCCCCCCCCCCCCCC)=O)=O,lc/ms pos late,Method2,452110,734.56944,2365.0,132.72,4515969517.0
pubchem:91477,4-cholesten-3-one,NYOXRYYXRWJDKP-UHFFFAOYSA-N,CC12C(CCC3C2CCC4(C)C3CCC4C(CCCC(C)C)C)=CC(CC1)=O,lc/ms pos late,Method2,91477,385.3465,2520.0,141.87,269364716.421875
pubchem:86472,alpha-tocopherol,GVJHHUAWPYXKBD-IEOSBIPESA-N,CC1=C2C(O[C@@](CCC[C@H](C)CCC[C@H](C)CCC[C@H](C)C)(C)CC2)=C(C)C(C)=C1O,lc/ms pos late,Method2,86472,430.381081,2522.0,142.94,9265989055.890625
pubchem:24778825,1-stearoyl-2-oleoyl-GPC (18:0/18:1),ATHVAWFAEPLPPQ-VRDBWYNSSA-N,O=C(CCCCCCCCCCCCCCCCC)OC[C@]([H])(COP(OCC[N+](C)(C)C)([O-])=O)OC(CCCCCCC/C=C\CCCCCCCC)=O,lc/ms pos late,Method2,24778825,788.61639,2644.0,139.4,16238094288.796875
pubchem:24778686,1-palmitoyl-2-stearoyl-GPC (16:0/18:0),PZNPLUBHRSSFHT-RRHRGVEJSA-N,O=C(CCCCCCCCCCCCCCC)OC[C@]([H])(COP(OCC[N+](C)(C)C)([O-])=O)OC(CCCCCCCCCCCCCCCCC)=O,lc/ms pos late,Method2,24778686,762.60074,2653.0,136.55,7218975758.4375
pubchem:5997,cholesterol,HVYWMOMLDIMFJA-LBHVWCRMSA-N,CC1(C2C(C)CCCC(C)C)C(CC2)C(CC=C3C4(CC[C@H](O)C3)C)C4CC1,lc/ms pos late,Method2,5997,369.35159,2707.0,149.64,6471462374.34375
pubchem:173183,campesterol,SGNBVLSWZMBQTH-PODYLUTMSA-N,C[C@H](CC[C@@H](C)C(C)C)[C@@]1([H])CC[C@@]2([H])[C@]3([H])CC=C4C[C@@H](O)CC[C@]4(C)[C@@]3([H])CC[C@@]21C,lc/ms pos late,Method2,173183,383.36724,2873.0,158.66,1691923.90625
pubchem:5283564,N-palmitoyl-sphingosine (d18:1/16:0),YDNKGFDKKRUKPY-TURZORIXSA-N,OC[C@@H]([C@H](O)/C=C/CCCCCCCCCCCCC)NC(CCCCCCCCCCCCCCC)=O,lc/ms pos late,Method2,5283564,538.51937,2893.0,157.31,437416416.5
pubchem:42607457,1-(1-enyl-stearoyl)-2-oleoyl-GPE (P-18:0/18:1),XVYPOHCSLJZFED-QZEVRULJSA-N,[H][C@@](COP([O-])(OCC[NH3+])=O)(OC(CCCCCCC/C=C\CCCCCCCC)=O)CO/C=C\CCCCCCCCCCCCCCCC,lc/ms pos late,Method2,42607457,730.57452,2950.0,150.01,122229592.875
KRTOMQDUKGRFDJ,1-stearoyl-2-arachidonoyl-GPI (18:0/20:4),KRTOMQDUKGRFDJ-YKOKTLGVSA-N,CCCCCCCCCCCCCCCCCC(OC[C@]([H])(COP(O)(O[C@](C(O)(C(O)(C(O)([C@](O)1[H])[H])[H])[H])([C@]1(O)[H])[H])=O)OC(CCC/C=C\C/C=C\C/C=C\C/C=C\CCCCC)=O)=O,lc/ms pos late,Method2,,904.59096,3000.0,160.47,873778578.078125
pubchem:5283572,N-palmitoyl-sphinganine (d18:0/16:0),GCGTXOVNNFGTPQ-JHOUSYSJSA-N,[H][C@](NC(CCCCCCCCCCCCCCC)=O)(CO)[C@@](O)([H])CCCCCCCCCCCCCCC,lc/ms pos late,Method2,5283572,540.53503,3090.0,166.04,3284362.3125
QEDPUVGSSDPBMD,lignoceroyl sphingomyelin (d18:1/24:0),QEDPUVGSSDPBMD-XTAIVQBESA-N,CCCCCCCCCCCCC/C=C/[C@@H](O)[C@@H](NC(CCCCCCCCCCCCCCCCCCCCCCC)=O)COP([O-])(OCC[N+](C)(C)C)=O,lc/ms pos late,Method2,,815.70006,3437.0,179.35,7603571821.625
YOBFISPJJWPPTK,1-stearoyl-2-oleoyl-GPI (18:0/18:1)*,YOBFISPJJWPPTK-BAAZTTAESA-N,O=C(CCCCCCCCCCCCCCCCC)OC[C@@]([H])(OC(CCCCCCC/C=C\CCCCCCCC)=O)COP(O[C@H]1[C@H](O)[C@@H](O)[C@H](O)[C@@H](O)[C@H]1O)(O)=O,lc/ms pos late,Method2,,882.60661,3711.0,167.23,86590356.09375
MKOKWBRPIBQYJJ,lactosyl-N-nervonoyl-sphingosine (d18:1/24:1)*,MKOKWBRPIBQYJJ-WZBOJYASSA-N,[H][C@](NC(CCCCCCCCCCCCC/C=C\CCCCCCCC)=O)(CO[C@H]1[C@H](O)[C@@H](O)[C@H](O[C@H]2[C@H](O)[C@@H](O)[C@@H](O)[C@H](O2)CO)[C@H](O1)CO)[C@@](O)([H])/C=C/CCCCCCCCCCCCC,lc/ms pos late,Method2,,972.73457,3778.0,203.84,62575539.4375
KNDOGXSGCOJBRQ,glycosyl-N-(2-hydroxynervonoyl)-sphingosine (d18:1/24:1(2OH))*,KNDOGXSGCOJBRQ-UHRQUHAFSA-N,O=C(C(O)CCCCCCCCCCCC/C=C\CCCCCCCC)NC(COC1OC(CO)C(O)C(O)C1O)C(O)/C=C/CCCCCCCCCCCCC,lc/ms pos late,Method2,,826.6767,3839.0,150.85,53148659.65625
pubchem:44260143,lactosyl-N-behenoyl-sphingosine (d18:1/22:0)*,QYWVASPEUXEHSY-NNRNTGNWSA-N,[H][C@](NC(CCCCCCCCCCCCCCCCCCCCC)=O)(CO[C@H]1[C@H](O)[C@@H](O)[C@H](O[C@H]2[C@H](O)[C@@H](O)[C@@H](O)[C@H](O2)CO)[C@H](O1)CO)[C@@](O)([H])/C=C/CCCCCCCCCCCCC,lc/ms pos late,Method2,44260143,946.71892,3842.0,208.15,1142875.609375
pubchem:11988421,1-linoleoyl-GPC (18:2),SPJFYYJXNPEZDW-UTJQPWESSA-N,O=P(OCC(O)COC(CCCCCCC/C=C\C/C=C\CCCCC)=O)([O-])OCC[N+](C)(C)C,lc/ms pos late,Method2,11988421,520.339766,5574.0,98.23,22248837.546875
pubchem:497300,1-stearoyl-GPC (18:0),IHNKQIMGVNPMTC-RUZDIDTESA-N,O[C@H](COC(CCCCCCCCCCCCCCCCC)=O)COP(OCC[N+](C)(C)C)([O-])=O,lc/ms pos late,Method2,497300,524.371066,5844.0,103.98,3148545.84375
